datetime,cash,holding_value,total_value
2024-01-02,600595.48104175,423195.0,1023790.48104175
2024-01-03,643848.1332302501,448590.0,1092438.13323025
2024-01-04,638199.5249738502,438111.0,1076310.5249738502
2024-01-05,1054430.6571979001,0.0,1054430.6571979001
2024-01-08,1054430.6571979001,0.0,1054430.6571979001
2024-01-09,1054430.6571979001,0.0,1054430.6571979001
2024-01-10,634278.6962029001,426816.0,1061094.6962029003
2024-01-11,622660.3338470502,416304.0,1038964.3338470502
2024-01-12,1014285.2374400503,0.0,1014285.2374400503
2024-01-15,608736.0335747504,398898.00000000006,1007634.0335747504
2024-01-16,991384.3259186505,0.0,991384.3259186505
2024-01-17,991384.3259186505,0.0,991384.3259186505
2024-01-18,594810.5045018506,388240.0,983050.5045018506
2024-01-19,985759.8136610506,0.0,985759.8136610506
2024-01-22,985759.8136610506,0.0,985759.8136610506
2024-01-23,985759.8136610506,0.0,985759.8136610506
2024-01-24,985759.8136610506,0.0,985759.8136610506
2024-01-25,985759.8136610506,0.0,985759.8136610506
2024-01-26,594225.0140960506,396032.0,990257.0140960506
2024-01-29,555834.7479991007,381789.0,937623.7479991007
2024-01-30,555978.8416288007,378000.0,933978.8416288007
2024-01-31,569722.9623388008,428254.0,997976.9623388008
2024-02-01,569722.9623388008,385382.0,955104.9623388008
2024-02-02,540334.2776914008,434518.0,974852.2776914008
2024-02-05,540334.2776914008,391181.0,931515.2776914008
2024-02-06,540334.2776914008,352149.0,892483.2776914008
2024-02-07,509053.8595478509,393432.0,902485.8595478509
2024-02-08,895078.1252606509,0.0,895078.1252606509
2024-02-19,542877.9142612008,350237.0,893114.9142612008
2024-02-20,537132.2017949509,362284.0,899416.2017949509
2024-02-21,551536.7413370509,348468.0,900004.7413370509
2024-02-22,902208.229681151,0.0,902208.229681151
2024-02-23,902208.229681151,0.0,902208.229681151
2024-02-26,542110.2824870511,365650.0,907760.2824870511
2024-02-27,570984.1405531012,388289.0,959273.1405531012
2024-02-28,569964.3317251011,356627.99999999994,926592.331725101
2024-02-29,545785.4359376512,388139.0,933924.4359376512
2024-03-01,550437.4191928012,378839.99999999994,929277.4191928012
2024-03-04,950981.9682320512,0.0,950981.9682320512
2024-03-05,572993.2921439513,370852.0,943845.2921439513
2024-03-06,942120.7012114013,0.0,942120.7012114013
2024-03-07,565532.8651933013,364791.0,930323.8651933013
2024-03-08,939843.1629200514,0.0,939843.1629200514
2024-03-11,563990.7679387014,396399.0,960389.7679387014
2024-03-12,941122.3720066014,0.0,941122.3720066014
2024-03-13,565074.8600155014,371382.0,936456.8600155014
2024-03-14,581668.1924680014,375874.0,957542.1924680014
2024-03-15,565715.2846928515,373175.0,938890.2846928515
2024-03-18,564126.4178357515,394240.00000000006,958366.4178357515
2024-03-19,560818.4640929515,369712.0,930530.4640929515
2024-03-20,545217.6369347515,376437.0,921654.6369347515
2024-03-21,930015.6387862016,0.0,930015.6387862016
2024-03-22,559893.6802912016,373873.0,933766.6802912016
2024-03-25,572790.3865588016,402432.0,975222.3865588016
2024-03-26,952978.1559796017,0.0,952978.1559796017
2024-03-27,572190.8015516517,363135.0,935325.8015516517
2024-03-28,957030.7782052017,0.0,957030.7782052017
2024-03-29,957030.7782052017,0.0,957030.7782052017
2024-04-01,574316.2680809518,390194.0,964510.2680809518
2024-04-02,952423.2865976517,0.0,952423.2865976517
2024-04-03,952423.2865976517,0.0,952423.2865976517
2024-04-08,952423.2865976517,0.0,952423.2865976517
2024-04-09,572179.2579968517,382704.0,954883.2579968517
2024-04-10,948945.0816464517,0.0,948945.0816464517
2024-04-11,569617.6026914518,389135.0,958752.6026914518
2024-04-12,962976.4653712017,0.0,962976.4653712017
2024-04-15,579250.3485964017,359368.0,938618.3485964017
2024-04-16,204310.50086065178,705746.0,910056.5008606517
2024-04-17,707321.1198385019,215600.0,922921.1198385019
2024-04-18,928948.074926502,0.0,928948.074926502
2024-04-19,928948.074926502,0.0,928948.074926502
2024-04-22,557800.501380252,368118.0,925918.501380252
2024-04-23,541503.044987052,365965.0,907468.044987052
2024-04-24,179285.82688705204,800373.0,979658.826887052
2024-04-25,572001.0759346021,442815.0,1014816.0759346021
2024-04-26,1032559.5979763521,0.0,1032559.5979763521
2024-04-29,620880.7182047521,439951.99999999994,1060832.718204752
2024-04-30,1054620.339904752,0.0,1054620.339904752
2024-05-06,1054620.339904752,0.0,1054620.339904752
2024-05-07,632887.4308307522,427648.0,1060535.4308307522
2024-05-08,646358.3107301523,408430.0,1054788.3107301523
2024-05-09,1067460.5187979024,0.0,1067460.5187979024
2024-05-10,641284.9455019024,469479.99999999994,1110764.9455019024
2024-05-13,199191.82661050244,984579.0,1183770.8266105023
2024-05-14,929950.9695823025,193032.0,1122982.9695823025
2024-05-15,667458.7554767526,456304.0,1123762.7554767528
2024-05-16,640947.4509773527,436808.0,1077755.4509773527
2024-05-17,634106.8154609527,432796.0,1066902.8154609527
2024-05-20,1066237.4030804527,0.0,1066237.4030804527
2024-05-21,640161.8897894528,419498.99999999994,1059660.8897894528
2024-05-22,1078726.6149308528,0.0,1078726.6149308528
2024-05-23,650183.6219165528,411803.99999999994,1061987.6219165528
2024-05-24,955655.2441993027,0.0,955655.2441993027
2024-05-27,573583.1193071527,396207.0,969790.1193071527
2024-05-28,558639.1405826528,387072.0,945711.1405826528
2024-05-29,951943.0362596528,0.0,951943.0362596528
2024-05-30,951943.0362596528,0.0,951943.0362596528
2024-05-31,951943.0362596528,0.0,951943.0362596528
2024-06-03,571699.007658853,357318.0,929017.007658853
2024-06-04,557869.031389153,365015.99999999994,922885.0313891529
2024-06-05,577854.764211103,367950.0,945804.764211103
2024-06-06,583403.560911403,363600.0,947003.560911403
2024-06-07,948584.339181403,0.0,948584.339181403
2024-06-11,948584.339181403,0.0,948584.339181403
2024-06-12,948584.339181403,0.0,948584.339181403
2024-06-13,948584.339181403,0.0,948584.339181403
2024-06-14,570067.346266903,387068.0,957135.346266903
2024-06-17,958574.1217039031,0.0,958574.1217039031
2024-06-18,958574.1217039031,0.0,958574.1217039031
2024-06-19,958574.1217039031,0.0,958574.1217039031
2024-06-20,958574.1217039031,0.0,958574.1217039031
2024-06-21,958574.1217039031,0.0,958574.1217039031
2024-06-24,958574.1217039031,0.0,958574.1217039031
2024-06-25,958574.1217039031,0.0,958574.1217039031
2024-06-26,958574.1217039031,0.0,958574.1217039031
2024-06-27,958574.1217039031,0.0,958574.1217039031
2024-06-28,958574.1217039031,0.0,958574.1217039031
2024-07-01,576993.2914363032,434204.0,1011197.2914363032
2024-07-02,576993.2914363032,477566.0,1054559.2914363032
2024-07-03,1084768.4688403031,0.0,1084768.4688403031
2024-07-04,1084768.4688403031,0.0,1084768.4688403031
2024-07-05,1084768.4688403031,0.0,1084768.4688403031
2024-07-08,1084768.4688403031,0.0,1084768.4688403031
2024-07-09,1084768.4688403031,0.0,1084768.4688403031
2024-07-10,1084768.4688403031,0.0,1084768.4688403031
2024-07-11,1084768.4688403031,0.0,1084768.4688403031
2024-07-12,1084768.4688403031,0.0,1084768.4688403031
2024-07-15,1084768.4688403031,0.0,1084768.4688403031
2024-07-16,653029.5592663032,460184.0,1113213.5592663032
2024-07-17,1096755.186265903,0.0,1096755.186265903
2024-07-18,658972.6523899031,472882.0,1131854.652389903
2024-07-19,916981.7668981031,240349.99999999997,1157331.766898103
2024-07-22,916981.7668981031,264500.0,1181481.766898103
2024-07-23,916981.7668981031,290950.0,1207931.766898103
2024-07-24,1196034.248859103,0.0,1196034.248859103
2024-07-25,1196034.248859103,0.0,1196034.248859103
2024-07-26,1196034.248859103,0.0,1196034.248859103
2024-07-29,1196034.248859103,0.0,1196034.248859103
2024-07-30,717747.4249591031,512894.0,1230641.424959103
2024-07-31,226243.67499865312,1058112.0,1284355.6749986531
2024-08-01,517874.5260023532,848747.0,1366621.526002353
2024-08-02,825036.5602004533,528288.0,1353324.5602004533
2024-08-05,799016.8069310534,573180.0,1372196.8069310533
2024-08-06,519108.63256015355,782693.0,1301801.6325601535
2024-08-07,1261123.1936831535,0.0,1261123.1936831535
2024-08-08,1261123.1936831535,0.0,1261123.1936831535
2024-08-09,1261123.1936831535,0.0,1261123.1936831535
2024-08-12,1261123.1936831535,0.0,1261123.1936831535
2024-08-13,1261123.1936831535,0.0,1261123.1936831535
2024-08-14,1261123.1936831535,0.0,1261123.1936831535
2024-08-15,1261123.1936831535,0.0,1261123.1936831535
2024-08-16,1261123.1936831535,0.0,1261123.1936831535
2024-08-19,1261123.1936831535,0.0,1261123.1936831535
2024-08-20,1261123.1936831535,0.0,1261123.1936831535
2024-08-21,1261123.1936831535,0.0,1261123.1936831535
2024-08-22,1261123.1936831535,0.0,1261123.1936831535
2024-08-23,1009179.1052935035,238220.0,1247399.1052935035
2024-08-26,1236459.6664643534,0.0,1236459.6664643534
2024-08-27,1236459.6664643534,0.0,1236459.6664643534
2024-08-28,1236459.6664643534,0.0,1236459.6664643534
2024-08-29,1236459.6664643534,0.0,1236459.6664643534
2024-08-30,1236459.6664643534,0.0,1236459.6664643534
2024-09-02,1236459.6664643534,0.0,1236459.6664643534
2024-09-03,1236459.6664643534,0.0,1236459.6664643534
2024-09-04,907777.5590401033,316755.0,1224532.5590401033
2024-09-05,899411.1312410533,350141.0,1249552.1312410533
2024-09-06,1230346.4673977534,0.0,1230346.4673977534
2024-09-09,985381.5643568535,248636.99999999997,1234018.5643568535
2024-09-10,741669.2627935036,466488.0,1208157.2627935037
2024-09-11,1174609.3644535036,0.0,1174609.3644535036
2024-09-12,1174609.3644535036,0.0,1174609.3644535036
2024-09-13,1174609.3644535036,0.0,1174609.3644535036
2024-09-18,1174609.3644535036,0.0,1174609.3644535036
2024-09-19,1174609.3644535036,0.0,1174609.3644535036
2024-09-20,1174609.3644535036,0.0,1174609.3644535036
2024-09-23,1174609.3644535036,0.0,1174609.3644535036
2024-09-24,939860.5879231037,234608.0,1174468.5879231037
2024-09-25,703333.0197178037,442977.0,1146310.0197178037
2024-09-26,969324.2988344537,162799.0,1132123.2988344538
2024-09-27,1137905.0980685537,0.0,1137905.0980685537
2024-09-30,1137905.0980685537,0.0,1137905.0980685537
2024-10-08,1137905.0980685537,0.0,1137905.0980685537
2024-10-09,742247.8262975536,372965.0,1115212.8262975537
2024-10-10,830266.7549179039,286857.0,1117123.7549179038
2024-10-11,872798.9106601039,237831.0,1110629.910660104
2024-10-14,624709.2214747038,534906.0,1159615.2214747039
2024-10-15,709382.2875386538,473512.0,1182894.2875386537
2024-10-16,699757.7216854038,466446.0,1166203.721685404
2024-10-17,705625.040806904,472273.0,1177898.040806904
2024-10-18,691691.045737904,489921.0,1181612.045737904
2024-10-21,723521.6357584039,475668.0,1199189.635758404
2024-10-22,731553.791389004,483322.0,1214875.7913890039
2024-10-23,751591.3042205541,491985.0,1243576.304220554
2024-10-24,728547.2330972542,499857.0,1228404.2330972543
2024-10-25,586374.6154138042,677420.0,1263794.615413804
2024-10-28,597107.0755810041,764882.0,1361989.0755810041
2024-10-29,360208.54556155414,1049893.0,1410101.5455615541
2024-10-30,859230.3469484542,597740.0,1456970.3469484542
2024-10-31,530777.9295508041,985315.0,1516092.9295508042
2024-11-01,705603.873128204,725060.0,1430663.8731282041
2024-11-04,672809.5667215044,726468.0,1399277.5667215046
2024-11-05,857113.6213754544,594402.0,1451515.6213754544
2024-11-06,717934.9380470545,753687.0,1471621.9380470545
2024-11-07,871929.7935856046,582442.0,1454371.7935856045
2024-11-08,871502.8959991046,616222.0,1487724.8959991047
2024-11-11,878312.0629748548,591611.0,1469923.0629748548
2024-11-12,881672.7869779047,596695.0,1478367.7869779048
2024-11-13,871942.1085262047,567278.0,1439220.1085262047
2024-11-14,1137099.8464100547,288412.0,1425511.8464100547
2024-11-15,1374019.621063155,46480.0,1420499.621063155
2024-11-18,1374019.621063155,51135.0,1425154.621063155
2024-11-19,1135905.622167405,288708.0,1424613.622167405
2024-11-20,854868.0225412049,611418.0,1466286.022541205
2024-11-21,713837.296920555,758747.0,1472584.296920555
2024-11-22,754362.326583255,702759.0,1457121.326583255
2024-11-25,1185924.644189655,244360.0,1430284.644189655
2024-11-26,1427301.7430657549,0.0,1427301.7430657549
2024-11-27,989752.3490014048,464092.0,1453844.3490014048
2024-11-28,870315.274260705,588720.0,1459035.2742607049
2024-11-29,852247.5159917551,594644.0,1446891.515991755
2024-12-02,862456.1573369551,601385.0,1463841.157336955
2024-12-03,887466.736423305,600424.0,1487890.736423305
2024-12-04,868826.3039263051,607721.0,1476547.3039263051
2024-12-05,865497.5113951052,605747.0,1471244.5113951052
2024-12-06,1292235.336344805,176609.99999999997,1468845.336344805
2024-12-09,873027.7006069052,608936.0,1481963.7006069052
2024-12-10,703051.9483385552,797663.0,1500714.9483385552
2024-12-11,783477.681797805,744975.0,1528452.681797805
2024-12-12,796123.4702666551,731350.0,1527473.470266655
2024-12-13,790428.5640182552,759505.0,1549933.564018255
2024-12-16,953860.4408317053,611234.0,1565094.4408317055
2024-12-17,800445.0425936556,694126.0,1494571.0425936556
2024-12-18,817051.1510600558,676709.0,1493760.151060056
2024-12-19,863112.7058003558,636768.0,1499880.7058003559
2024-12-20,884555.3465090559,576261.0,1460816.346509056
2024-12-23,847215.4322759558,606697.0,1453912.4322759558
2024-12-24,878634.8322827559,657984.0,1536618.832282756
2024-12-25,271121.51252530597,1185611.0,1456732.512525306
2024-12-26,1022573.0401366062,434795.0,1457368.0401366062
2024-12-27,884885.3358830562,567623.9999999999,1452509.335883056
2024-12-30,852867.4087160563,591360.0,1444227.4087160563
2024-12-31,817058.3657591562,544624.0,1361682.3657591562
2025-01-02,789350.5420055563,621988.0,1411338.5420055562
2025-01-03,799309.1341376563,636300.0,1435609.1341376563
2025-01-06,881231.2668706062,599180.0,1480411.2668706062
2025-01-07,543939.8996314063,1001639.0,1545578.8996314062
2025-01-08,1005816.2851717062,581736.0,1587552.2851717062
2025-01-09,953850.7690099063,626028.0,1579878.7690099063
2025-01-10,908491.6837784563,599902.0,1508393.6837784564
2025-01-13,887856.7873822063,589716.0,1477572.7873822064
2025-01-14,1199075.9593525063,322398.0,1521473.9593525063
2025-01-15,1535348.0917762062,0.0,1535348.0917762062
2025-01-16,921379.9010962063,708240.0,1629619.9010962062
2025-01-17,966371.2233862065,629300.0,1595671.2233862067
2025-01-20,959389.4112749567,641990.0,1601379.4112749565
2025-01-21,1569353.2437914566,0.0,1569353.2437914566
2025-01-22,941826.9224339566,724443.0,1666269.9224339565
2025-01-23,1651605.8349442068,0.0,1651605.8349442068
2025-01-24,992484.5664079067,689475.0,1681959.5664079068
2025-01-27,1618183.9527116567,0.0,1618183.9527116567
2025-02-05,1618183.9527116567,0.0,1618183.9527116567
2025-02-06,973697.4605066568,732692.0,1706389.4605066567
2025-02-07,1021104.636118757,688908.0,1710012.636118757
2025-02-10,1032805.039945157,710468.0,1743273.039945157
2025-02-11,1031480.586520307,714368.0,1745848.586520307
2025-02-12,1054521.8363147571,721638.0,1776159.8363147571
2025-02-13,1082123.0113382572,661791.0,1743914.0113382572
2025-02-14,1039582.3242514073,717116.0,1756698.3242514073
2025-02-17,1056842.6163568073,734225.0,1791067.6163568073
2025-02-18,1050492.8254817575,752588.0,1803080.8254817575
2025-02-19,1091375.0529703074,748807.0,1840182.0529703074
2025-02-20,1087776.2000341075,728680.0,1816456.2000341075
2025-02-21,811594.7278603076,1042058.0,1853652.7278603076
2025-02-24,747095.4306778075,1134025.0,1881120.4306778074
2025-02-25,549874.4894549577,1425401.0,1975275.4894549577
2025-02-26,576052.5009976078,1518468.0,2094520.5009976078
2025-02-27,986697.856376508,1109817.0,2096514.856376508
2025-02-28,1574104.971592158,443050.0,2017154.971592158
2025-03-03,1991348.496066858,0.0,1991348.496066858
2025-03-04,1991348.496066858,0.0,1991348.496066858
2025-03-05,1593129.688167858,396495.0,1989624.688167858
2025-03-06,1987902.701918358,0.0,1987902.701918358
2025-03-07,1192977.993395958,739278.0,1932255.993395958
2025-03-10,1904244.0131806082,0.0,1904244.0131806082
2025-03-11,1904244.0131806082,0.0,1904244.0131806082
2025-03-12,1904244.0131806082,0.0,1904244.0131806082
2025-03-13,1142510.2089167582,861223.0,2003733.2089167582
2025-03-14,342642.53614735825,1752761.0,2095403.5361473584
2025-03-17,2043478.5070402087,0.0,2043478.5070402087
2025-03-18,2043478.5070402087,0.0,2043478.5070402087
2025-03-19,2043478.5070402087,0.0,2043478.5070402087
2025-03-20,1226172.3765994087,897974.0,2124146.3765994087
2025-03-21,378243.8822284087,1838680.0,2216923.882228409
2025-03-24,1403925.6897659588,705491.0,2109416.689765959
2025-03-25,1733744.696066809,383672.0,2117416.696066809
2025-03-26,1310490.874916809,905228.0,2215718.8749168087
2025-03-27,425902.39591390884,1801192.0,2227094.3959139087
2025-03-28,1698757.210220359,400858.0,2099615.2102203593
2025-03-31,2078633.166825559,0.0,2078633.166825559
2025-04-01,2078633.166825559,0.0,2078633.166825559
2025-04-02,1663023.930057559,445568.0,2108591.930057559
2025-04-03,1254281.469658759,963648.0,2217929.469658759
2025-04-07,2199218.214533959,0.0,2199218.214533959
2025-04-08,2199218.214533959,0.0,2199218.214533959
2025-04-09,2199218.214533959,0.0,2199218.214533959
2025-04-10,1319768.817387859,945714.0000000001,2265482.8173878593
2025-04-11,1336532.0014808592,851840.0,2188372.0014808592
2025-04-14,1276583.393134009,925476.0,2202059.393134009
2025-04-15,1308009.803559109,952924.9999999999,2260934.803559109
2025-04-16,1302966.1849609092,871784.0,2174750.184960909
2025-04-17,1303131.4028213592,903489.0,2206620.402821359
2025-04-18,1277289.2721814092,890686.0,2167975.2721814094
2025-04-21,1341284.8318351093,886286.0,2227570.8318351093
2025-04-22,1301424.2490943093,1008140.0,2309564.2490943093
2025-04-23,378572.8241794094,1827942.0,2206514.8241794095
2025-04-24,1862332.8626345596,407211.0,2269543.8626345596
2025-04-25,1361917.8556532597,843178.0,2205095.85565326
2025-04-28,1361917.8556532597,758219.0000000001,2120136.85565326
2025-04-29,1200100.00800836,886045.0,2086145.00800836
2025-04-30,2051989.6100284099,0.0,2051989.6100284099
2025-05-06,1231690.6848380598,911598.0,2143288.68483806
2025-05-07,2174762.54921996,0.0,2174762.54921996
2025-05-08,1306617.93143876,913968.0,2220585.93143876
2025-05-09,1276476.3407840598,864960.0,2141436.34078406
2025-05-12,1310360.8217306598,870121.0,2180481.82173066
2025-05-13,1786325.0955431599,468090.0,2254415.09554316
2025-05-14,1377724.17635486,927616.0,2305340.17635486
2025-05-15,2249264.98155806,0.0,2249264.98155806
2025-05-16,1349827.59781316,914634.0,2264461.59781316
2025-05-19,2276365.38776786,0.0,2276365.38776786
2025-05-20,2276365.38776786,0.0,2276365.38776786
2025-05-21,1368302.8315919603,863811.0,2232113.83159196
2025-05-22,1295579.1576071603,864064.0,2159643.1576071605
2025-05-23,1271743.7678665104,847573.0,2119316.7678665104
2025-05-26,424835.8855465105,1758228.0,2183063.8855465106
2025-05-27,1759285.5643345108,450039.0,2209324.564334511
2025-05-28,876862.383839811,1412850.0,2289712.383839811
2025-05-29,1909797.302517561,368292.0,2278089.3025175612
2025-05-30,1362471.2823893612,909374.0,2271845.2823893614
2025-06-03,1330749.757256661,908290.0,2239039.757256661
2025-06-04,1325465.4156460112,926885.0,2252350.415646011
2025-06-05,1308094.3154309615,941010.0,2249104.3154309615
2025-06-06,1370339.5367989116,906885.0,2277224.5367989116
2025-06-09,2287120.1840654616,0.0,2287120.1840654616
2025-06-10,1372681.8043709616,901259.0,2273940.8043709616
2025-06-11,1371378.1407602618,945460.0,2316838.1407602616
2025-06-12,1394055.384750262,963909.0,2357964.384750262
2025-06-13,1388558.2293317618,972499.0,2361057.2293317616
2025-06-16,1390979.726909512,1019984.0,2410963.7269095117
2025-06-17,1464959.953468612,1007393.0,2472352.953468612
2025-06-18,1390016.3693785123,1117116.0,2507132.3693785123
2025-06-19,1564565.1723713626,1086096.0,2650661.1723713623
2025-06-20,1544920.3226519625,1114706.0,2659626.3226519627
2025-06-23,1305282.1695266627,1482923.0,2788205.1695266627
2025-06-24,2473071.1339511625,365584.0,2838655.1339511625
2025-06-25,1706430.8484641626,1281168.0,2987598.8484641626
2025-06-26,513783.62966756267,2670740.0,3184523.6296675624
2025-06-27,2802511.560003413,553350.0,3355861.560003413
2025-06-30,1461811.5554086133,2004339.0,3466150.5554086133
2025-07-01,1990384.0389362634,1449270.0,3439654.0389362634
2025-07-02,1051009.8466216135,2381463.0,3432472.8466216135
2025-07-03,2304426.9771929635,1188472.0,3492898.9771929635
2025-07-04,2066489.5549727636,1331988.0,3398477.5549727636
2025-07-07,2046962.250077364,1368613.0,3415575.250077364
2025-07-08,3397699.3888547644,0.0,3397699.3888547644
2025-07-09,2038905.5335558145,1437170.0,3476075.5335558145
2025-07-10,2073231.6187565648,1394001.0,3467232.618756565
2025-07-11,2006560.6837042149,1345240.0,3351800.683704215
2025-07-14,1991426.6094274153,1365975.0,3357401.6094274153
2025-07-15,2366219.1208319655,846752.0,3212971.1208319655
2025-07-16,3191081.9472998655,0.0,3191081.9472998655
2025-07-17,2681016.0658118655,512512.0,3193528.0658118655
2025-07-18,2321244.0714635653,860587.0,3181831.0714635653
2025-07-21,2287710.964636766,833188.0,3120898.964636766
2025-07-22,1874040.977415716,1425028.0,3299068.9774157163
2025-07-23,1852606.244022416,1463871.0,3316477.244022416
2025-07-24,2031866.2554700165,1371515.0,3403381.2554700165
2025-07-25,2001036.821409266,1332546.0,3333582.821409266
2025-07-28,2014393.5545573663,1331725.0,3346118.5545573663
2025-07-29,1968161.6413246165,1365129.0,3333290.6413246165
2025-07-30,1993219.9192580667,1325398.0,3318617.9192580665
2025-07-31,1977329.433942717,1301582.0,3278911.433942717
2025-08-01,666920.5946615671,2811960.0,3478880.5946615674
2025-08-04,2456338.385226118,1012685.0,3469023.385226118
2025-08-05,2069735.984767318,1351267.0,3421002.984767318
2025-08-06,2035740.068148568,1337594.0,3373334.0681485683
2025-08-07,2028233.8086539684,1263150.0,3291383.8086539684
2025-08-08,713232.2151433185,2764054.0,3477286.2151433183
2025-08-11,2887148.190947069,773136.0,3660284.190947069
2025-08-12,1795217.4910054186,2043031.0,3838248.491005419
2025-08-13,1790670.123670019,2104604.0,3895274.123670019
2025-08-14,1685050.3740793192,2157842.0,3842892.374079319
2025-08-15,2634544.173008669,1286574.0,3921118.173008669
2025-08-18,3239681.2621652717,741579.0,3981260.2621652717
2025-08-19,2380105.365803338,1630406.0,4010511.365803338
2025-08-20,2386268.260730448,1625836.0,4012104.260730448
2025-08-21,2571612.882360685,1342203.0,3913815.882360685
2025-08-22,2971212.313729347,992899.0,3964111.313729347
2025-08-25,3989954.758273951,0.0,3989954.758273951
2025-08-26,2396432.1374837207,1568386.0,3964818.1374837207
2025-08-27,2386326.3024732703,1743280.0,4129606.3024732703
2025-08-28,2399212.81021672,1647312.0,4046524.81021672
2025-08-29,2845909.847865048,1118249.0,3964158.847865048
2025-09-01,2845909.847865048,1157196.0,4003105.847865048
2025-09-02,2226261.0263119983,1756319.0,3982580.0263119983
2025-09-03,3946505.346175848,0.0,3946505.346175848
2025-09-04,2368544.058325098,1563358.0,3931902.058325098
2025-09-05,2630583.374305698,1136525.0,3767108.374305698
2025-09-08,3766426.5402930877,0.0,3766426.5402930877
2025-09-09,3766426.5402930877,0.0,3766426.5402930877
2025-09-10,2569713.863568669,1216786.0,3786499.863568669
2025-09-11,2301456.4766385695,1744846.0,4046302.4766385695
2025-09-12,2368809.2583053196,1633335.0,4002144.2583053196
2025-09-15,2337544.9114371696,1572032.0,3909576.9114371696
2025-09-16,2293053.88910482,1609570.0,3902623.88910482
2025-09-17,3874775.36563837,0.0,3874775.36563837
2025-09-18,3874775.36563837,0.0,3874775.36563837
2025-09-19,2328705.2025812203,1467537.0,3796242.2025812203
2025-09-22,1920621.1824558706,2003455.0,3924076.1824558703
2025-09-23,1932421.2227403708,2029581.0,3962002.222740371
2025-09-24,2347609.0346066207,1531310.0,3878919.0346066207
2025-09-25,2326479.586441721,1586818.0,3913297.586441721
2025-09-26,1773071.084248571,1981609.0,3754680.0842485707
2025-09-29,2259574.9158783713,1580491.0,3840065.9158783713
2025-09-30,2310564.9619214213,1544228.0,3854792.9619214213
2025-10-09,3949177.2863012217,0.0,3949177.2863012217
2025-10-10,2388298.242504072,1616572.0,4004870.242504072
2025-10-13,2328218.1103938716,1696219.0,4024437.1103938716
2025-10-14,4063644.3164172713,0.0,4063644.3164172713
2025-10-15,2451593.5854630712,1625693.0,4077286.5854630712
2025-10-16,2398535.0991059216,1634728.0,4033263.0991059216
2025-10-17,3671729.787403872,389880.0,4061609.787403872
2025-10-20,2438240.1331898216,1801567.0,4239807.133189822
2025-10-21,743241.6592907213,3781182.0,4524423.659290722
2025-10-22,4106398.721949522,609070.0,4715468.721949521
2025-10-23,2797534.256980122,1876961.0,4674495.256980122
2025-10-24,2106333.014711472,2407243.0,4513576.014711472
2025-10-27,2724454.8455444225,1845206.0,4569660.845544422
2025-10-28,2698172.527739173,2034280.0,4732452.527739173
2025-10-29,4815903.232489273,0.0,4815903.232489273
2025-10-30,2890534.607878573,2080167.0,4970701.607878573
2025-10-31,2875059.0766235236,2137926.0,5012985.076623524
2025-11-03,2980137.975600824,2194644.0,5174781.975600824
2025-11-04,5204095.911065475,0.0,5204095.911065475
2025-11-05,3131439.959694825,2204465.0,5335904.959694825
2025-11-06,2388761.459066625,2954305.0,5343066.459066626
2025-11-07,2753950.1534651252,2672241.0,5426191.153465126
2025-11-10,2766179.212806375,2791402.0,5557581.212806376
2025-11-11,3292394.184266025,2274351.0,5566745.184266025
2025-11-12,3216314.325992775,2214123.0,5430437.325992775
2025-11-13,4776227.894035275,802576.0,5578803.894035275
2025-11-14,3307109.029068975,2186338.0,5493447.029068975
2025-11-17,4596738.855841725,893480.0,5490218.855841725
2025-11-18,4573839.922348725,820485.0,5394324.922348725
2025-11-19,4626374.535219974,697377.0,5323751.535219974
2025-11-20,4311031.381294424,1081224.0,5392255.381294424
2025-11-21,3703907.542023074,1702481.0,5406388.542023074
2025-11-24,3230901.584488274,2203834.0,5434735.5844882745
2025-11-25,4818068.791894274,751800.0,5569868.791894274
2025-11-26,3371132.258637524,2194710.0,5565842.258637524
2025-11-27,3348132.959820375,2115579.0,5463711.959820375
2025-11-28,3327999.672744225,2338560.0,5666559.672744225
2025-12-01,3324950.906127675,2382501.0,5707451.9061276745
2025-12-02,5808380.078373676,0.0,5808380.078373676
2025-12-03,3485599.129504276,2572944.0,6058543.129504276
2025-12-04,3452443.8249908267,2386970.0,5839413.824990827
2025-12-05,3573331.609178927,2522961.0,6096292.609178927
2025-12-08,3764755.2775020767,2658924.0,6423679.277502077
2025-12-09,3938982.8373728264,2869675.0,6808657.837372826
2025-12-10,3897128.945241976,2789233.0,6686361.9452419765
2025-12-11,3185777.768013526,3500898.0,6686675.768013526
2025-12-12,6293761.0141059775,501499.99999999994,6795261.0141059775
2025-12-15,4070590.6542435773,2664056.0,6734646.654243577
2025-12-16,2594342.7081480767,4112552.0,6706894.708148077
2025-12-17,3324273.2876214767,3203234.0,6527507.287621477
2025-12-18,3506333.883086627,3084955.0,6591288.883086627
2025-12-19,6588661.530495527,0.0,6588661.530495527
2025-12-22,6588661.530495527,0.0,6588661.530495527
2025-12-23,3955182.2589005274,2813020.0,6768202.258900527
2025-12-24,4056750.356544228,2731435.0,6788185.356544228
2025-12-25,4040192.501878728,2864568.0,6904760.501878728
2025-12-26,7030057.655461729,0.0,7030057.655461729
2025-12-29,4221635.472324829,2812459.0,7034094.472324829
2025-12-30,4255429.9793837285,2780944.0,7036373.9793837285
2025-12-31,4242684.154114729,2973743.0,7216427.154114729
2026-01-05,4325894.36745038,2901371.0,7227265.36745038
2026-01-06,3987425.9226897797,3552388.0,7539813.92268978
2026-01-07,4191794.0202945787,3509296.0,7701090.020294579
2026-01-08,8095087.600360127,0.0,8095087.600360127
2026-01-09,8095087.600360127,0.0,8095087.600360127
2026-01-12,8095087.600360127,0.0,8095087.600360127
2026-01-13,8095087.600360127,0.0,8095087.600360127
2026-01-14,8095087.600360127,0.0,8095087.600360127
2026-01-15,8095087.600360127,0.0,8095087.600360127
2026-01-16,8095087.600360127,0.0,8095087.600360127
